question,answer
"What was Microsoft's total revenue for the fiscal year ended June 30, 2023?","Microsoft's total revenue for the fiscal year ended June 30, 2023, was $211.9 billion."
"What was the total cost of revenue in 2023?","The total cost of revenue in 2023 was $65.9 billion."
"What was the gross margin for Microsoft in 2023?","Microsoft's gross margin in 2023 was $146.0 billion."
"How much did Microsoft spend on Research and Development in 2023?","In 2023, Microsoft spent $27.2 billion on Research and Development."
"What was the total for Sales and marketing expenses in 2023?","Sales and marketing expenses totaled $22.7 billion in 2023."
"What were the General and administrative expenses in 2023?","General and administrative expenses were $5.7 billion in 2023."
"What was Microsoft's operating income in 2023?","Microsoft's operating income for 2023 was $88.5 billion."
"What was the net income for Microsoft in 2023?","The net income for Microsoft in 2023 was $72.4 billion."
"What were the diluted earnings per share for 2023?","The diluted earnings per share for 2023 were $9.68."
"What was the total of cash, cash equivalents, and short-term investments at the end of fiscal year 2023?","The total of cash, cash equivalents, and short-term investments was $111.3 billion at the end of fiscal year 2023."
"What were the total assets of Microsoft as of June 30, 2023?","Total assets of Microsoft were $411.9 billion as of June 30, 2023."
"What were the total liabilities of Microsoft as of June 30, 2023?","Total liabilities of Microsoft were $205.7 billion as of June 30, 2023."
"What was the total stockholders' equity as of June 30, 2023?","Total stockholders' equity was $206.2 billion as of June 30, 2023."
"How much cash was provided by operating activities in 2023?","Cash provided by operating activities was $87.6 billion in 2023."
"How much cash was used in investing activities in 2023?","Cash used in investing activities was $23.1 billion in 2023."
"How much cash was used in financing activities in 2023?","Cash used in financing activities was $43.9 billion in 2023."
"What was the revenue for the Productivity and Business Processes segment in 2023?","The revenue for the Productivity and Business Processes segment in 2023 was $69.3 billion."
"What was the operating income for the Productivity and Business Processes segment in 2023?","The operating income for the Productivity and Business Processes segment in 2023 was $33.7 billion."
"What was the revenue for the Intelligent Cloud segment in 2023?","The revenue for the Intelligent Cloud segment in 2023 was $87.9 billion."
"What was the operating income for the Intelligent Cloud segment in 2023?","The operating income for the Intelligent Cloud segment in 2023 was $38.4 billion."
"What was the revenue for the More Personal Computing segment in 2023?","The revenue for the More Personal Computing segment in 2023 was $54.7 billion."
"What was the operating income for the More Personal Computing segment in 2023?","The operating income for the More Personal Computing segment in 2023 was $16.4 billion."
"What was Microsoft's total revenue for the fiscal year ended June 30, 2022?","Microsoft's total revenue for the fiscal year ended June 30, 2022, was $198.3 billion."
"What was the total cost of revenue in 2022?","The total cost of revenue in 2022 was $62.6 billion."
"What was the gross margin for Microsoft in 2022?","Microsoft's gross margin in 2022 was $135.6 billion."
"How much did Microsoft spend on Research and Development in 2022?","In 2022, Microsoft spent $24.5 billion on Research and Development."
"What was the total for Sales and marketing expenses in 2022?","Sales and marketing expenses totaled $21.8 billion in 2022."
"What were the General and administrative expenses in 2022?","General and administrative expenses were $5.5 billion in 2022."
"What was Microsoft's operating income in 2022?","Microsoft's operating income for 2022 was $83.4 billion."
"What was the net income for Microsoft in 2022?","The net income for Microsoft in 2022 was $72.7 billion."
"What were the diluted earnings per share for 2022?","The diluted earnings per share for 2022 were $9.65."
"What was the total of cash, cash equivalents, and short-term investments at the end of fiscal year 2022?","The total of cash, cash equivalents, and short-term investments was $104.7 billion at the end of fiscal year 2022."
"What were the total assets of Microsoft as of June 30, 2022?","Total assets of Microsoft were $364.8 billion as of June 30, 2022."
"What were the total liabilities of Microsoft as of June 30, 2022?","Total liabilities of Microsoft were $198.3 billion as of June 30, 2022."
"What was the total stockholders' equity as of June 30, 2022?","Total stockholders' equity was $166.5 billion as of June 30, 2022."
"How much cash was provided by operating activities in 2022?","Cash provided by operating activities was $89.0 billion in 2022."
"How much cash was used in investing activities in 2022?","Cash used in investing activities was $40.3 billion in 2022."
"How much cash was used in financing activities in 2022?","Cash used in financing activities was $45.9 billion in 2022."
"What was the revenue for the Productivity and Business Processes segment in 2022?","The revenue for the Productivity and Business Processes segment in 2022 was $63.4 billion."
"What was the operating income for the Productivity and Business Processes segment in 2022?","The operating income for the Productivity and Business Processes segment in 2022 was $31.3 billion."
"What was the revenue for the Intelligent Cloud segment in 2022?","The revenue for the Intelligent Cloud segment in 2022 was $75.3 billion."
"What was the operating income for the Intelligent Cloud segment in 2022?","The operating income for the Intelligent Cloud segment in 2022 was $32.7 billion."
"What was the revenue for the More Personal Computing segment in 2022?","The revenue for the More Personal Computing segment in 2022 was $59.6 billion."
"What was the operating income for the More Personal Computing segment in 2022?","The operating income for the More Personal Computing segment in 2022 was $19.4 billion."
"How did total revenue change from 2022 to 2023?","Total revenue increased from $198.3 billion in 2022 to $211.9 billion in 2023."
"How did net income change from 2022 to 2023?","Net income decreased slightly from $72.7 billion in 2022 to $72.4 billion in 2023."
"How did diluted earnings per share change from 2022 to 2023?","Diluted earnings per share increased from $9.65 in 2022 to $9.68 in 2023."
"How did operating income change from 2022 to 2023?","Operating income increased from $83.4 billion in 2022 to $88.5 billion in 2023."
"How did total assets change from 2022 to 2023?","Total assets increased from $364.8 billion in 2022 to $411.9 billion in 2023."
"How did total liabilities change from 2022 to 2023?","Total liabilities increased from $198.3 billion in 2022 to $205.7 billion in 2023."
"What was the primary driver of revenue growth in the Intelligent Cloud segment in 2023?","The primary driver of revenue growth in the Intelligent Cloud segment in 2023 was Azure and other cloud services."
"What was the primary driver of revenue growth in the Productivity and Business Processes segment in 2023?","The primary driver of revenue growth in the Productivity and Business Processes segment in 2023 was Office 365 Commercial."
"What was the primary reason for the decline in revenue for the More Personal Computing segment in 2023?","The primary reason for the decline in revenue for the More Personal Computing segment in 2023 was lower revenue from Windows and Devices."
"How many full-time employees did Microsoft have as of June 30, 2023?","Microsoft had 221,000 full-time employees as of June 30, 2023."
"How many full-time employees did Microsoft have as of June 30, 2022?","Microsoft had 221,000 full-time employees as of June 30, 2022."
"What was the effective tax rate for Microsoft in 2023?","The effective tax rate for Microsoft in 2023 was 19%."
"What was the effective tax rate for Microsoft in 2022?","The effective tax rate for Microsoft in 2022 was 13%."
"What was the value of Goodwill on the balance sheet as of June 30, 2023?","The value of Goodwill was $77.8 billion as of June 30, 2023."
"What was the value of Intangible assets, net on the balance sheet as of June 30, 2023?","The value of Intangible assets, net was $11.0 billion as of June 30, 2023."
"What was the total amount of dividends paid in 2023?","The total amount of dividends paid in 2023 was $19.5 billion."
"What was the total amount of share repurchases in 2023?","The total amount of share repurchases in 2023 was $22.2 billion."
"What was the total amount of dividends paid in 2022?","The total amount of dividends paid in 2022 was $18.1 billion."
"What was the total amount of share repurchases in 2022?","The total amount of share repurchases in 2022 was $32.1 billion."
"What is Microsoft's primary source of revenue?","Microsoft's primary source of revenue is from its three operating segments: Productivity and Business Processes, Intelligent Cloud, and More Personal Computing."
"What are some of the key products in the Productivity and Business Processes segment?","Key products include Office 365, LinkedIn, and Dynamics 365."
"What are some of the key products in the Intelligent Cloud segment?","Key products include Azure, SQL Server, and Windows Server."
"What are some of the key products in the More Personal Computing segment?","Key products include Windows, Xbox, Surface, and Bing."
"What is the company's strategy regarding artificial intelligence (AI)?","Microsoft's strategy is to be the democratizing force for AI, building it into their most used products and experiences."
"What are some of the risks mentioned in the 10-K report?","Risks include competition, cybersecurity threats, and economic uncertainty."
"Who is Microsoft's independent registered public accounting firm?","Deloitte & Touche LLP is Microsoft's independent registered public accounting firm."
"What is the company's mission statement?","Microsoft's mission is to empower every person and every organization on the planet to achieve more."
"Where is Microsoft's corporate headquarters located?","Microsoft's corporate headquarters is located in Redmond, Washington."
"When was Microsoft founded?","Microsoft was founded in 1975."
"What stock exchange is Microsoft's common stock traded on?","Microsoft's common stock is traded on the NASDAQ Global Select Market under the symbol MSFT."
"What was the total amount of unearned revenue as of June 30, 2023?","Unearned revenue was $49.7 billion as of June 30, 2023."
"What was the total amount of unearned revenue as of June 30, 2022?","Unearned revenue was $47.3 billion as of June 30, 2022."
"What was the total amount of long-term debt as of June 30, 2023?","Long-term debt was $47.0 billion as of June 30, 2023."
"What was the total amount of long-term debt as of June 30, 2022?","Long-term debt was $48.2 billion as of June 30, 2022."
"What was the company's cash conversion cycle in 2023?","The 10-K report does not explicitly state the cash conversion cycle."
"What was the company's return on equity in 2023?","The return on equity in 2023 was approximately 35%."
"What was the company's return on equity in 2022?","The return on equity in 2022 was approximately 43%."
"What was the company's debt-to-equity ratio as of June 30, 2023?","The debt-to-equity ratio was approximately 0.23 as of June 30, 2023."
"What was the company's debt-to-equity ratio as of June 30, 2022?","The debt-to-equity ratio was approximately 0.29 as of June 30, 2022."
"What was the company's current ratio as of June 30, 2023?","The current ratio was approximately 1.8 as of June 30, 2023."
"What was the company's current ratio as of June 30, 2022?","The current ratio was approximately 1.8 as of June 30, 2022."
"What was the company's quick ratio as of June 30, 2023?","The quick ratio was approximately 1.7 as of June 30, 2023."
"What was the company's quick ratio as of June 30, 2022?","The quick ratio was approximately 1.7 as of June 30, 2022."
"What was the total amount of property and equipment, net as of June 30, 2023?","Property and equipment, net was $106.6 billion as of June 30, 2023."
"What was the total amount of property and equipment, net as of June 30, 2022?","Property and equipment, net was $86.5 billion as of June 30, 2022."
"What was the total amount of inventories as of June 30, 2023?","Inventories were $4.1 billion as of June 30, 2023."
"What was the total amount of inventories as of June 30, 2022?","Inventories were $3.7 billion as of June 30, 2022."
"What was the total amount of accounts receivable, net as of June 30, 2023?","Accounts receivable, net was $48.3 billion as of June 30, 2023."
"What was the total amount of accounts receivable, net as of June 30, 2022?","Accounts receivable, net was $44.3 billion as of June 30, 2022."
"What was the total amount of accumulated other comprehensive income (loss) as of June 30, 2023?","Accumulated other comprehensive income (loss) was $(11.6) billion as of June 30, 2023."
"What was the total amount of accumulated other comprehensive income (loss) as of June 30, 2022?","Accumulated other comprehensive income (loss) was $(15.9) billion as of June 30, 2022."
"What was the total amount of retained earnings as of June 30, 2023?","Retained earnings were $84.0 billion as of June 30, 2023."
"What was the total amount of retained earnings as of June 30, 2022?","Retained earnings were $84.0 billion as of June 30, 2022."
"What was the total amount of common stock and paid-in capital as of June 30, 2023?","Common stock and paid-in capital was $133.8 billion as of June 30, 2023."
"What was the total amount of common stock and paid-in capital as of June 30, 2022?","Common stock and paid-in capital was $98.4 billion as of June 30, 2022."
"What was the primary use of cash in investing activities in 2023?","The primary use of cash in investing activities was for additions to property and equipment."
"What was the primary use of cash in financing activities in 2023?","The primary use of cash in financing activities was for share repurchases and dividends."